,Standard Deviation
"1-(1-enyl-palmitoyl)-GPC (P-16:0) [P, nt-ms]",0.23793484855328353
"1-(1-enyl-palmitoyl)-GPE (P-16:0) [P, nt-ms]",0.31044143014051584
"1-(1-enyl-stearoyl)-GPC (P-18:0) [P, nt-ms]",0.28728116641803264
"1-(1-enyl-stearoyl)-GPE (P-18:0) [P, nt-ms]",0.4312618779111433
"1-adrenoyl-GPC (22:4) [P, nt-ms]",0.386446174709763
"1-arachidonoyl-GPC (20:4n6) [P, nt-ms]",0.3170340501590938
"1-arachidonoyl-GPE (20:4n6) [P, nt-ms]",0.27446790641451924
"1-arachidonoyl-GPI (20:4) [P, nt-ms]",0.45330521768804005
"1-arachidonylglycerol (20:4) [P, nt-ms]",0.7765581289336474
"1-arachidoyl-GPC (20:0) [P, nt-ms]",0.3623878916483279
"1-behenoyl-GPC (22:0) [P, nt-ms]",0.3339971658049288
"1-dihomo-linolenoyl-GPC (20:3n3 or 6) [P, nt-ms]",0.3400210326404242
"1-dihomo-linolenoyl-GPE (20:3n3 or 6) [P, nt-ms]",0.6506862107607791
"1-dihomo-linoleoyl-GPC (20:2) [P, nt-ms]",0.3024390189271157
"1-docosahexaenoyl-GPC (22:6) [P, nt-ms]",0.4719313038627665
"1-docosahexaenoyl-GPE (22:6) [P, nt-ms]",0.3975546103121195
"1-docosapentaenoyl-GPC (22:5n3) [P, nt-ms]",0.3811290722769134
"1-docosapentaenoyl-GPC (22:5n6) [P, nt-ms]",0.4752520428506461
"1-eicosapentaenoyl-GPC (20:5) [P, nt-ms]",0.4055158782194821
"1-eicosapentaenoyl-GPE (20:5) [P, nt-ms]",0.608841597198299
"1-eicosenoyl-GPC (20:1) [P, nt-ms]",0.3504472196546455
"1-linolenoyl-GPC (18:3) [P, nt-ms]",0.44516441424583486
"1-linoleoyl-GPC (18:2) [P, nt-ms]",0.2950929906230151
"1-linoleoyl-GPE (18:2) [P, nt-ms]",0.3977426737183305
"1-linoleoyl-GPI (18:2) [P, nt-ms]",0.5860991404443218
"1-linoleoylglycerol (18:2) [P, nt-ms]",0.6604368828110236
"1-margaroyl-GPC (17:0) [P, nt-ms]",0.22386656653289944
"1-meadoyl-GPC (20:3n9) [P, nt-ms]",0.7449842836591832
"1-methylguanidine [P, nt-ms]",0.3388856821782647
"1-methylhistidine [P, nt-ms]",0.2577489832133055
"1-methylimidazoleacetate [P, nt-ms]",0.14080099702736237
"1-methylnicotinamide [P, nt-ms]",0.5901366103786667
"1-methylurate [P, nt-ms]",1.4844745431493773
"1-methylxanthine [P, nt-ms]",1.6048851977123053
"1-myristoyl-GPC (14:0) [P, nt-ms]",0.5023162988403481
"1-nonadecanoyl-GPC (19:0) [P, nt-ms]",0.2419024624864957
"1-oleoyl-GPC (18:1) [P, nt-ms]",0.2534551608954902
"1-oleoyl-GPE (18:1) [P, nt-ms]",0.7213842239719142
"1-oleoyl-GPG (18:1) [P, nt-ms]",0.5592124215143408
"1-oleoyl-GPI (18:1) [P, nt-ms]",0.7100787479420334
"1-palmitoleoyl-GPC (16:1) [P, nt-ms]",0.3770327374007256
"1-palmitoyl-GPC (16:0) [P, nt-ms]",0.1938235061378939
"1-palmitoyl-GPE (16:0) [P, nt-ms]",0.2554813651994102
"1-palmitoyl-GPG (16:0) [P, nt-ms]",0.4277265694159301
"1-palmitoyl-GPI (16:0) [P, nt-ms]",0.6688524006041126
"1-palmitoylglycerol (16:0) [P, nt-ms]",0.589679989066183
"1-palmityl-GPC (O-16:0) [P, nt-ms]",0.26844310349323836
"1-pentadecanoyl-GPC (15:0) [P, nt-ms]",0.2915606506849952
"1-stearoyl-GPC (18:0) [P, nt-ms]",0.20779805705613466
"1-stearoyl-GPE (18:0) [P, nt-ms]",0.23940631995522832
"1-stearoyl-GPI (18:0) [P, nt-ms]",0.5428184662961498
"1-stearyl-GPC (O-18:0) [P, nt-ms]",0.2898042785346167
"1,3-dimethylurate [P, nt-ms]",1.0134346608870475
"1,3,7-trimethylurate [P, nt-ms]",0.6875429681017442
"1,5-anhydroglucitol (1,5-AG) [P, nt-ms]",0.11754646613513411
"1,6-anhydroglucose [P, nt-ms]",1.5068823653768484
"1,7-dimethylurate [P, nt-ms]",1.7508961774838396
"10-undecenoate (11:1n1) [P, nt-ms]",0.3756798284474235
"11-ketoetiocholanolone glucuronide [P, nt-ms]",0.679911640841147
"12-HETE [P, nt-ms]",1.0790879438611016
"13-HODE + 9-HODE [P, nt-ms]",1.3683955447662934
"15-methylpalmitate [P, nt-ms]",0.9487985666746481
"16-hydroxypalmitate [P, nt-ms]",0.8257216340029745
"16a-hydroxy DHEA 3-sulfate [P, nt-ms]",0.9277000934673095
"17-methylstearate [P, nt-ms]",0.7061536797602957
"17alpha-hydroxypregnanolone glucuronide [P, nt-ms]",0.5352502619499313
"17alpha-hydroxypregnenolone sulfate [P, nt-ms]",0.4916721848794956
"2-aminoadipate [P, nt-ms]",0.41266565420212314
"2-aminobutyrate [P, nt-ms]",0.34774143585042067
"2-aminoheptanoate [P, nt-ms]",0.4524484737872713
"2-aminooctanoate [P, nt-ms]",0.5406193420512024
"2-aminophenol sulfate [P, nt-ms]",2.570039003152796
"2-arachidonoyl-GPC (20:4) [P, nt-ms]",0.39819371917021606
"2-arachidonoyl-GPE (20:4) [P, nt-ms]",0.45603861159095493
"2-docosahexaenoyl-GPC (22:6) [P, nt-ms]",0.580167886889897
"2-docosahexaenoyl-GPE (22:6) [P, nt-ms]",0.6259802028618422
"2-hydroxy-3-methylvalerate [P, nt-ms]",0.44273456056357346
"2-hydroxyacetaminophen sulfate [P, nt-ms]",0.678370597363252
"2-hydroxybutyrate/2-hydroxyisobutyrate [P, nt-ms]",0.5010152251533616
"2-hydroxydecanoate [P, nt-ms]",0.5747626249339318
"2-hydroxyglutarate [P, nt-ms]",0.37428893212486697
"2-hydroxyoctanoate [P, nt-ms]",0.49302259287537176
"2-hydroxypalmitate [P, nt-ms]",0.4048097991460977
"2-hydroxyphenylacetate [P, nt-ms]",0.48130985407448107
"2-hydroxystearate [P, nt-ms]",0.40719180677813654
"2-linoleoyl-GPC (18:2) [P, nt-ms]",0.43037258578618937
"2-linoleoyl-GPE (18:2) [P, nt-ms]",0.5745583241674886
"2-linoleoylglycerol (18:2) [P, nt-ms]",0.6657844765976433
"2-methylbutyrylcarnitine (C5) [P, nt-ms]",0.4476094941689493
"2-methylmalonyl carnitine [P, nt-ms]",0.5308157565327092
"2-myristoyl-GPC (14:0) [P, nt-ms]",0.5396420734300555
"2-oleoyl-GPC (18:1) [P, nt-ms]",0.3870232069448721
"2-oleoyl-GPE (18:1) [P, nt-ms]",0.8655807334993516
"2-palmitoyl-GPC (16:0) [P, nt-ms]",0.3576933926399863
"2-palmitoyl-GPE (16:0) [P, nt-ms]",0.6012683815096693
"2-piperidinone [P, nt-ms]",2.7353507765349736
"2-pyrrolidinone [P, nt-ms]",0.2497686663468698
"2-stearoyl-GPE (18:0) [P, nt-ms]",0.4259409760328971
"2,3-dihydroxyisovalerate [P, nt-ms]",0.48837953424142505
"2'-deoxyuridine [P, nt-ms]",0.2679047668131191
"21-hydroxypregnenolone disulfate [P, nt-ms]",0.29064666135095063
"21-hydroxypregnenolone monosulfate (1) [P, nt-ms]",0.45722603466637946
"3-(3-hydroxyphenyl)propionate [P, nt-ms]",2.4814633801651347
"3-(4-hydroxyphenyl)lactate [P, nt-ms]",0.21735340297310746
"3-aminoisobutyrate [P, nt-ms]",0.3460328952430263
"3-carboxy-4-methyl-5-propyl-2-furanpropanoate (CMPF) [P, nt-ms]",0.6387540125357118
"3-hydroxy-2-ethylpropionate [P, nt-ms]",0.2963365549514135
"3-hydroxy-3-methylglutarate [P, nt-ms]",0.8545802135094128
"3-hydroxybutyrate (BHBA) [P, nt-ms]",3.9646846028467935
"3-hydroxybutyrylcarnitine (1) [P, nt-ms]",1.7250233029725606
"3-hydroxybutyrylcarnitine (2) [P, nt-ms]",0.6244775843514867
"3-hydroxycotinine glucuronide [P, nt-ms]",0.23761695150183545
"3-hydroxydecanoate [P, nt-ms]",0.9830754346915797
"3-hydroxyhippurate [P, nt-ms]",2.749752847598866
"3-hydroxyisobutyrate [P, nt-ms]",0.5330165382765469
"3-hydroxylaurate [P, nt-ms]",0.9472102277764316
"3-hydroxymyristate [P, nt-ms]",0.43356338909770864
"3-hydroxyoctanoate [P, nt-ms]",1.0700014298145202
"3-hydroxypropanoate [P, nt-ms]",1.9399266903738164
"3-hydroxypyridine sulfate [P, nt-ms]",1.0651782068522178
"3-hydroxysebacate [P, nt-ms]",1.5618731351864312
"3-indoxyl sulfate [P, nt-ms]",0.4847379455899092
"3-methoxycatechol sulfate (1) [P, nt-ms]",1.9512339143754482
"3-methoxytyrosine [P, nt-ms]",0.21222478222593621
"3-methyl catechol sulfate (1) [P, nt-ms]",1.4526947990612598
"3-methyl-2-oxobutyrate [P, nt-ms]",0.22487060494843253
"3-methyl-2-oxovalerate [P, nt-ms]",0.3068452497886827
"3-methylcytidine [P, nt-ms]",0.17612040775900917
"3-methylglutarylcarnitine (2) [P, nt-ms]",0.39674761033004946
"3-methylhistidine [P, nt-ms]",0.7621702738475202
"3-methylxanthine [P, nt-ms]",0.7099930534040353
"3-phenylpropionate (hydrocinnamate) [P, nt-ms]",0.8410544611852627
"3-phosphoglycerate [P, nt-ms]",0.7019760192276119
"3-ureidopropionate [P, nt-ms]",0.2744302869784798
"3,4-methyleneheptanoate [P, nt-ms]",1.0475906237371757
"3,4-methyleneheptanoylcarnitine [P, nt-ms]",0.8332758039402177
"3,7-dimethylurate [P, nt-ms]",0.5185020689189843
"3b-hydroxy-5-cholenoic acid [P, nt-ms]",0.46132050617391995
"3beta,7alpha-dihydroxy-5-cholestenoate [P, nt-ms]",0.2517518174519601
"4-acetamidobutanoate [P, nt-ms]",0.20174301366610314
"4-acetamidophenol [P, nt-ms]",0.37664630214974487
"4-acetamidophenylglucuronide [P, nt-ms]",0.654619955958378
"4-acetaminophen sulfate [P, nt-ms]",0.7796496162104134
"4-acetylphenol sulfate [P, nt-ms]",0.5261132420530092
"4-allylphenol sulfate [P, nt-ms]",1.113736220280026
"4-androsten-3alpha,17alpha-diol monosulfate (2) [P, nt-ms]",0.4196177533890628
"4-androsten-3alpha,17alpha-diol monosulfate (3) [P, nt-ms]",0.4998208224161248
"4-androsten-3beta,17beta-diol disulfate (1) [P, nt-ms]",0.39231335609960344
"4-androsten-3beta,17beta-diol disulfate (2) [P, nt-ms]",0.22918004948668763
"4-androsten-3beta,17beta-diol monosulfate (1) [P, nt-ms]",0.4018633868878388
"4-androsten-3beta,17beta-diol monosulfate (2) [P, nt-ms]",0.3661189526422741
"4-ethylphenylsulfate [P, nt-ms]",4.533261775468759
"4-guanidinobutanoate [P, nt-ms]",0.5463572839773999
"4-hydroxychlorothalonil [P, nt-ms]",0.30871395777975813
"4-hydroxyhippurate [P, nt-ms]",0.8161262880459063
"4-hydroxyphenylacetate [P, nt-ms]",0.42264472236402756
"4-hydroxyphenylacetatoylcarnitine [P, nt-ms]",0.5129386396210348
"4-hydroxyphenylpyruvate [P, nt-ms]",0.5906216960168245
"4-imidazoleacetate [P, nt-ms]",0.5057344276938719
"4-methyl-2-oxopentanoate [P, nt-ms]",0.29606273546878337
"4-methylcatechol sulfate [P, nt-ms]",1.6686002072836084
"4-vinylphenol sulfate [P, nt-ms]",2.0730673125690604
"5-acetylamino-6-amino-3-methyluracil [P, nt-ms]",1.2570398763435717
"5-acetylamino-6-formylamino-3-methyluracil [P, nt-ms]",1.5407221306321164
"5-dodecenoate (12:1n7) [P, nt-ms]",1.5328450809440615
"5-hydroxyhexanoate [P, nt-ms]",0.520198377185167
"5-hydroxyindoleacetate [P, nt-ms]",0.22891889943873936
"5-hydroxylysine [P, nt-ms]",0.19631827182153658
"5-methylthioadenosine (MTA) [P, nt-ms]",0.2325130671828744
"5-methyluridine (ribothymidine) [P, nt-ms]",0.16170148800951026
"5-oxoproline [P, nt-ms]",0.19431371588851437
"5,6-dihydrothymine [P, nt-ms]",0.23575272685691434
"5,6-dihydrouracil [P, nt-ms]",0.2706234712699854
"5alpha-androstan-3alpha, 17beta-diol-17-glucosiduronate [P, nt-ms]",0.6271496211135474
"5alpha-androstan-3alpha,17alpha-diol disulfate [P, nt-ms]",0.6539274152194768
"5alpha-androstan-3alpha,17alpha-diol monosulfate [P, nt-ms]",0.48068612847291603
"5alpha-androstan-3alpha,17beta-diol disulfate [P, nt-ms]",0.6356916059725763
"5alpha-androstan-3alpha,17beta-diol monosulfate (1) [P, nt-ms]",0.9148272185722034
"5alpha-androstan-3alpha,17beta-diol monosulfate (2) [P, nt-ms]",0.6470458919415748
"5alpha-androstan-3beta,17alpha-diol disulfate [P, nt-ms]",0.6796362558989476
"5alpha-androstan-3beta,17beta-diol disulfate [P, nt-ms]",0.4823518072162111
"5alpha-androstan-3beta,17beta-diol monosulfate (2) [P, nt-ms]",0.7089637590298846
"5alpha-pregnan-3(alpha or beta),20beta-diol disulfate [P, nt-ms]",0.8989348044202836
"5alpha-pregnan-3beta,20alpha-diol disulfate [P, nt-ms]",0.4438695355955385
"5alpha-pregnan-3beta,20alpha-diol monosulfate (2) [P, nt-ms]",0.4793808805593521
"5alpha-pregnan-3beta,20beta-diol monosulfate (1) [P, nt-ms]",0.5746786909705839
"6-hydroxyindole sulfate [P, nt-ms]",0.5026161204958792
"6-oxopiperidine-2-carboxylic acid [P, nt-ms]",0.38216077092894213
"7-alpha-hydroxy-3-oxo-4-cholestenoate (7-Hoca) [P, nt-ms]",0.273039042250516
"7-hydroxyindole sulfate [P, nt-ms]",0.5762954203120183
"7-methylguanine [P, nt-ms]",0.15738777411918708
"7-methylxanthine [P, nt-ms]",0.6567481379655079
"9,10-DiHOME [P, nt-ms]",0.5981337932827125
"acetoacetate [P, nt-ms]",1.8691154280046591
"acetylcarnitine [P, nt-ms]",0.3782059977952665
"acisoga [P, nt-ms]",0.4482959457207054
"adenine [P, nt-ms]",0.3560188545414577
"adenosine [P, nt-ms]",0.4243393804322962
"adenosine 3',5'-cyclic monophosphate (cAMP) [P, nt-ms]",0.36364616109388026
"adenosine 5'-diphosphate (ADP) [P, nt-ms]",0.8969771206418783
"adenosine 5'-monophosphate (AMP) [P, nt-ms]",0.5964683654466336
"adipoylcarnitine [P, nt-ms]",1.296543416228581
"alanine [P, nt-ms]",0.21638341664248353
"allantoin [P, nt-ms]",0.12906943644634666
"alliin [P, nt-ms]",1.131079734772194
"alpha-CEHC sulfate [P, nt-ms]",0.4311270292988394
"alpha-hydroxyisocaproate [P, nt-ms]",0.353231023477433
"alpha-hydroxyisovalerate [P, nt-ms]",0.393096588109349
"alpha-ketobutyrate [P, nt-ms]",0.5245734175074487
"alpha-ketoglutarate [P, nt-ms]",0.19029905028660885
"alpha-tocopherol [P, nt-ms]",0.13441199192701403
"andro steroid monosulfate (1) [P, nt-ms]",0.5549543364253987
"androsterone sulfate [P, nt-ms]",0.6828518880678895
"anthranilate [P, nt-ms]",0.5292228255571608
"arabinose [P, nt-ms]",0.5043727612460969
"arabitol/xylitol [P, nt-ms]",0.23567373051949364
"arabonate/xylonate [P, nt-ms]",0.30804880983531097
"arginine [P, nt-ms]",0.15499781381450348
"argininosuccinate [P, nt-ms]",0.3356495841474167
"asparagine [P, nt-ms]",0.15319827517382137
"aspartate [P, nt-ms]",0.28004596993366787
"azelate (nonanedioate) [P, nt-ms]",0.6448387212376097
"benzoate [P, nt-ms]",0.4719981844466084
"benzoylcarnitine [P, nt-ms]",0.3352422468745343
"beta-alanine [P, nt-ms]",0.24606384122438646
"beta-hydroxyisovalerate [P, nt-ms]",0.4861033239226363
"betaine [P, nt-ms]",0.15320456097940224
"betonicine [P, nt-ms]",1.3076715946740496
"bilirubin (E,E) [P, nt-ms]",0.7636928378193127
"bilirubin (E,Z or Z,E) [P, nt-ms]",0.3449757066342584
"bilirubin (Z,Z) [P, nt-ms]",0.8119463090935161
"biliverdin [P, nt-ms]",0.8668075641231677
"bradykinin [P, nt-ms]",0.46305239945370996
"bradykinin, des-arg(9) [P, nt-ms]",0.5488799858414851
"bradykinin, hydroxy-pro(3) [P, nt-ms]",0.4838118464834921
"butyrylcarnitine [P, nt-ms]",0.314589324683924
"C-glycosyltryptophan [P, nt-ms]",0.2360116068058516
"cadaverine [P, nt-ms]",0.4166811725915098
"caffeine [P, nt-ms]",1.6311376193371796
"campesterol [P, nt-ms]",0.629673124208696
"caprate (10:0) [P, nt-ms]",0.713992443583068
"caproate (6:0) [P, nt-ms]",0.4746498908142808
"caprylate (8:0) [P, nt-ms]",0.4083827338389768
"carboxyibuprofen [P, nt-ms]",0.5581224362295291
"carnitine [P, nt-ms]",0.10649691384001508
"carnosine [P, nt-ms]",0.3933455266089215
"catechol sulfate [P, nt-ms]",0.6454841206076355
"chenodeoxycholate [P, nt-ms]",1.5673403738982488
"cholate [P, nt-ms]",3.6386870381847674
"cholesterol [P, nt-ms]",0.260192432986882
"choline [P, nt-ms]",0.19418297003768992
"choline phosphate [P, nt-ms]",0.19964417945174698
"cinnamoylglycine [P, nt-ms]",1.3424682774721977
"cis-4-decenoyl carnitine [P, nt-ms]",0.5757433270797376
"cis-aconitate [P, nt-ms]",0.33917121611866935
"citrate [P, nt-ms]",0.1928387625334448
"citrulline [P, nt-ms]",0.19775895287608064
"corticosterone [P, nt-ms]",1.5876652296089606
"cortisol [P, nt-ms]",0.5019804800285097
"cortisone [P, nt-ms]",0.28496110843677797
"cotinine [P, nt-ms]",1.290848446641701
"cotinine N-oxide [P, nt-ms]",0.416505522732016
"creatine [P, nt-ms]",0.21998105987721653
"creatinine [P, nt-ms]",0.13302763881109214
"cys-gly, oxidized [P, nt-ms]",0.5203725828620114
"cystathionine [P, nt-ms]",0.48611518538359033
"cysteine [P, nt-ms]",0.31161326183291416
"cysteine s-sulfate [P, nt-ms]",0.2636321202742319
"cysteine sulfinic acid [P, nt-ms]",0.2183514890056622
"cysteine-glutathione disulfide [P, nt-ms]",0.37496829236538737
"cysteinylglycine [P, nt-ms]",0.5448158774022696
"cystine [P, nt-ms]",0.6429098364526608
"cytidine [P, nt-ms]",0.3607349097107487
"decanoylcarnitine [P, nt-ms]",0.7264701123020322
"dehydroisoandrosterone sulfate (DHEA-S) [P, nt-ms]",0.24920795001697724
"deoxycarnitine [P, nt-ms]",0.1811763767403185
"deoxycholate [P, nt-ms]",1.191552788430804
"dihydroferulic acid [P, nt-ms]",0.8011862535447706
"dihydroorotate [P, nt-ms]",0.7068941120494494
"dimethyl sulfone [P, nt-ms]",0.39694595494276025
"dimethylarginine (SDMA + ADMA) [P, nt-ms]",0.152777124055993
"dimethylglycine [P, nt-ms]",0.20865548530943548
"dodecanedioate [P, nt-ms]",2.930620381149881
"dopamine sulfate (2) [P, nt-ms]",0.572500079884537
"DSGEGDFXAEGGGVR [P, nt-ms]",3.039224100210391
"EDTA [P, nt-ms]",0.09483561664450973
"epiandrosterone sulfate [P, nt-ms]",0.5568091101223823
"equol glucuronide [P, nt-ms]",0.7199441985177574
"equol sulfate [P, nt-ms]",0.6954226127812715
"ergothioneine [P, nt-ms]",0.4541209519495534
"erythritol [P, nt-ms]",0.15889731778024277
"erythronate [P, nt-ms]",0.15355658763772492
"estrone 3-sulfate [P, nt-ms]",0.4637046787226767
"ethylmalonate [P, nt-ms]",0.3588325548653142
"etiocholanolone glucuronide [P, nt-ms]",0.405123264153397
"eugenol sulfate [P, nt-ms]",1.159859524172853
"ferulic acid 4-sulfate [P, nt-ms]",0.3402047063368386
"flavin adenine dinucleotide (FAD) [P, nt-ms]",0.2512927635201512
"fructose [P, nt-ms]",0.5448654671918914
"fumarate [P, nt-ms]",0.23794148640671145
"gamma-carboxyglutamate [P, nt-ms]",0.22324432842334307
"gamma-CEHC [P, nt-ms]",0.7463486435477451
"gamma-CEHC glucuronide [P, nt-ms]",0.4484126770745657
"gamma-glutamyl-2-aminobutyrate [P, nt-ms]",0.37347747078516236
"gamma-glutamyl-epsilon-lysine [P, nt-ms]",0.1936806562519058
"gamma-glutamylalanine [P, nt-ms]",0.31839015418831773
"gamma-glutamylglutamate [P, nt-ms]",0.42586544439018004
"gamma-glutamylglutamine [P, nt-ms]",0.23629309586421357
"gamma-glutamylglycine [P, nt-ms]",0.26552102074339134
"gamma-glutamylhistidine [P, nt-ms]",0.19442726445301806
"gamma-glutamylisoleucine [P, nt-ms]",0.3661173521872779
"gamma-glutamylleucine [P, nt-ms]",0.3608840642074493
"gamma-glutamylmethionine [P, nt-ms]",0.41255545976709423
"gamma-glutamylphenylalanine [P, nt-ms]",0.23853870847550518
"gamma-glutamylthreonine [P, nt-ms]",0.2750244156498641
"gamma-glutamyltryptophan [P, nt-ms]",0.2840761254694499
"gamma-glutamyltyrosine [P, nt-ms]",0.2735103443914689
"gamma-glutamylvaline [P, nt-ms]",0.21145811779738619
"gamma-tocopherol/beta-tocopherol [P, nt-ms]",0.5711873214649679
"gentisate [P, nt-ms]",0.9521080029757548
"gluconate [P, nt-ms]",0.3071513032633712
"glucose [P, nt-ms]",0.2110421300137315
"glucuronate [P, nt-ms]",0.20004254649435663
"glutamate [P, nt-ms]",0.5181258069838128
"glutamine [P, nt-ms]",0.12873847704382566
"glutarate (pentanedioate) [P, nt-ms]",0.8189550931885159
"glutarylcarnitine (C5) [P, nt-ms]",0.4704848970042708
"glutathione, oxidized (GSSG) [P, nt-ms]",0.45795145129542913
"glutathione, reduced (GSH) [P, nt-ms]",0.25701445298604486
"glycerate [P, nt-ms]",0.20345183799649896
"glycerol [P, nt-ms]",0.7798539630119645
"glycerol 3-phosphate [P, nt-ms]",0.26847394200075436
"glycerophosphoethanolamine [P, nt-ms]",0.2792874994348117
"glycerophosphoinositol [P, nt-ms]",0.8933026600859926
"glycerophosphorylcholine (GPC) [P, nt-ms]",0.6719246848876337
"glycine [P, nt-ms]",0.1937216367886895
"glycochenodeoxycholate [P, nt-ms]",1.472804774739886
"glycochenodeoxycholate glucuronide (1) [P, nt-ms]",0.9668384956312545
"glycochenodeoxycholate sulfate [P, nt-ms]",0.6464410226238103
"glycocholate [P, nt-ms]",2.0513041775825
"glycocholate glucuronide (1) [P, nt-ms]",0.5847572431912184
"glycocholenate sulfate [P, nt-ms]",0.3184114067844592
"glycodeoxycholate [P, nt-ms]",1.2911698809530392
"glycodeoxycholate sulfate [P, nt-ms]",0.9035900010247647
"glycohyocholate [P, nt-ms]",1.0369409254595772
"glycolithocholate [P, nt-ms]",1.4620440177583025
"glycolithocholate sulfate [P, nt-ms]",0.6896139912127702
"glycoursodeoxycholate [P, nt-ms]",2.441138789334148
"glycylvaline [P, nt-ms]",0.571510750044068
"guanidinoacetate [P, nt-ms]",0.243231985465357
"guanidinosuccinate [P, nt-ms]",0.3630669813237578
"heme [P, nt-ms]",0.9585233053677015
"hexadecanedioate [P, nt-ms]",1.9285536602669289
"hexanoylcarnitine [P, nt-ms]",0.4392722620553088
"hexanoylglycine [P, nt-ms]",0.6284630285312361
"hippurate [P, nt-ms]",0.8327978936405038
"histidine [P, nt-ms]",0.1268172230902707
"homoarginine [P, nt-ms]",0.1729359462670013
"homocitrulline [P, nt-ms]",0.3636042378018686
"homostachydrine [P, nt-ms]",0.5923822450556324
"hydantoin-5-propionic acid [P, nt-ms]",0.689972726478346
"hydroquinone sulfate [P, nt-ms]",0.8322556934726326
"hydroxycotinine [P, nt-ms]",0.8232849728534826
"hyocholate [P, nt-ms]",0.7205405014681141
"hypotaurine [P, nt-ms]",0.23044200142766535
"hypoxanthine [P, nt-ms]",1.211103555459275
"I-urobilinogen [P, nt-ms]",1.7215979495173181
"imidazole lactate [P, nt-ms]",0.2834389858251374
"imidazole propionate [P, nt-ms]",0.5124843196283623
"iminodiacetate (IDA) [P, nt-ms]",0.10503473684319553
"indole-3-carboxylic acid [P, nt-ms]",0.33015852983723243
"indoleacetate [P, nt-ms]",0.7720263539422813
"indoleacetylglutamine [P, nt-ms]",0.9092948207533041
"indolelactate [P, nt-ms]",0.2839786946812185
"indolepropionate [P, nt-ms]",1.2037357259598778
"indolin-2-one [P, nt-ms]",0.4852030550229868
"inosine [P, nt-ms]",1.1926445827809804
"inosine 5'-monophosphate (IMP) [P, nt-ms]",0.724150346686242
"isobutyrylcarnitine [P, nt-ms]",0.481636056068934
"isobutyrylglycine [P, nt-ms]",0.4469951890131772
"isoeugenol sulfate [P, nt-ms]",1.1128284784377145
"isoleucine [P, nt-ms]",0.26715173455964253
"isovalerate [P, nt-ms]",0.48612940970067503
"isovalerylcarnitine [P, nt-ms]",0.3648150773792097
"isovalerylglycine [P, nt-ms]",0.6838614232010868
"kynurenate [P, nt-ms]",0.2982273651027743
"kynurenine [P, nt-ms]",0.219070717322044
"L-urobilin [P, nt-ms]",1.1876091399755986
"lactate [P, nt-ms]",0.6583696017329725
"lanthionine [P, nt-ms]",0.5721107913541364
"laurate (12:0) [P, nt-ms]",1.4239242154092802
"laurylcarnitine [P, nt-ms]",0.845137274291054
"leucine [P, nt-ms]",0.265030722584508
"linoleamide (18:2n6) [P, nt-ms]",0.25960924024734006
"linoleoylcarnitine [P, nt-ms]",0.37696130499491465
"lysine [P, nt-ms]",0.17625703354096972
"malate [P, nt-ms]",0.2899204909290511
"maleate [P, nt-ms]",0.21381858475693036
"malonate [P, nt-ms]",0.2117365974925049
"malonylcarnitine [P, nt-ms]",0.23123607500871257
"maltose [P, nt-ms]",0.38007967722191205
"maltotetraose [P, nt-ms]",0.7864943380250475
"maltotriose [P, nt-ms]",0.420917382301461
"mannitol/sorbitol [P, nt-ms]",0.5949155501415677
"mannose [P, nt-ms]",0.2773869012938486
"methionine [P, nt-ms]",0.2761567910091056
"methionine sulfone [P, nt-ms]",0.3420068344592338
"methionine sulfoxide [P, nt-ms]",0.4602052990262871
"methyl glucopyranoside (alpha + beta) [P, nt-ms]",1.010496930046891
"methyl indole-3-acetate [P, nt-ms]",0.7222859316008299
"methyl-4-hydroxybenzoate sulfate [P, nt-ms]",2.3175331356772784
"methylmalonate (MMA) [P, nt-ms]",0.5908556895081556
"methylsuccinate [P, nt-ms]",0.3726505007457897
"methylsuccinoylcarnitine (1) [P, nt-ms]",0.3985431800539761
"myo-inositol [P, nt-ms]",0.2142852565030764
"myristoleoylcarnitine [P, nt-ms]",0.8427099293291683
"myristoylcarnitine [P, nt-ms]",0.6488123028640355
"N-(2-furoyl)glycine [P, nt-ms]",1.386763275469973
"N-acetyl-1-methylhistidine [P, nt-ms]",0.572104920965656
"N-acetyl-3-methylhistidine [P, nt-ms]",0.7373030042498816
"N-acetyl-aspartyl-glutamate (NAAG) [P, nt-ms]",0.45982852325999574
"N-acetyl-beta-alanine [P, nt-ms]",0.2793733729741129
"N-acetyl-cadaverine [P, nt-ms]",1.603037156572124
"N-acetyl-S-allyl-L-cysteine [P, nt-ms]",0.8550172688536147
"N-acetylalanine [P, nt-ms]",0.16362379508947383
"N-acetylalliin [P, nt-ms]",1.0419433657262958
"N-acetylarginine [P, nt-ms]",0.3754654870849594
"N-acetylaspartate (NAA) [P, nt-ms]",0.17049044129878277
"N-acetylcarnosine [P, nt-ms]",0.32605649713180956
"N-acetylcitrulline [P, nt-ms]",1.208902538845499
"N-acetylglucosaminylasparagine [P, nt-ms]",0.2933650018466098
"N-acetylglutamate [P, nt-ms]",0.32299792184727893
"N-acetylglutamine [P, nt-ms]",0.29824587686873727
"N-acetylglycine [P, nt-ms]",0.6925099364807473
"N-acetylhistamine [P, nt-ms]",0.5105390845660743
"N-acetylhistidine [P, nt-ms]",0.36104891679421086
"N-acetylisoleucine [P, nt-ms]",0.34356324593825405
"N-acetylkynurenine (2) [P, nt-ms]",0.47546844166367186
"N-acetylleucine [P, nt-ms]",0.3945300072806701
"N-acetylmethionine [P, nt-ms]",0.19582212272602154
"N-acetylneuraminate [P, nt-ms]",0.1845933058212767
"N-acetylphenylalanine [P, nt-ms]",0.3071811760497321
"N-acetylputrescine [P, nt-ms]",0.18006123212548006
"N-acetylserine [P, nt-ms]",0.12251131716767194
"N-acetyltaurine [P, nt-ms]",0.2845241551192262
"N-acetylthreonine [P, nt-ms]",0.218604512941543
"N-acetyltryptophan [P, nt-ms]",0.28362526435876473
"N-acetyltyrosine [P, nt-ms]",0.3377666594616081
"N-acetylvaline [P, nt-ms]",0.17676054078708026
"N-delta-acetylornithine [P, nt-ms]",0.4270261955005701
"N-formylmethionine [P, nt-ms]",0.14635430493693274
"N-formylphenylalanine [P, nt-ms]",0.5549338966487151
"N-methyl-4-aminobutyric acid [P, nt-ms]",0.6104652595842995
"N-methylpipecolate [P, nt-ms]",0.25691071834231777
"N-methylproline [P, nt-ms]",0.8108906186123555
"N-oleoyltaurine [P, nt-ms]",0.8234589087914636
"N-palmitoyl glycine [P, nt-ms]",0.4940712777158051
"N-palmitoyltaurine [P, nt-ms]",0.7084452921467546
"N-stearoyltaurine [P, nt-ms]",0.6672655795749909
"N1-methyl-2-pyridone-5-carboxamide [P, nt-ms]",0.248790833950174
"N1-methyladenosine [P, nt-ms]",0.1394383344245231
"N2,N2-dimethylguanosine [P, nt-ms]",0.20427054433889394
"N2,N5-diacetylornithine [P, nt-ms]",0.44397845124659985
"N4-acetylcytidine [P, nt-ms]",0.3728324198047724
"N6-acetyllysine [P, nt-ms]",0.1961830029232409
"N6-carbamoylthreonyladenosine [P, nt-ms]",0.15507393632150837
"N6-methyladenosine [P, nt-ms]",0.3856220067775063
"N6-succinyladenosine [P, nt-ms]",0.2515772187066275
"N6,N6,N6-trimethyllysine [P, nt-ms]",0.22216562728613415
"nicotinamide [P, nt-ms]",0.7243598694573964
"nicotinamide riboside [P, nt-ms]",0.31936328450757817
"O-acetylhomoserine [P, nt-ms]",2.543318395130522
"o-cresol sulfate [P, nt-ms]",0.6826410594040883
"O-methylcatechol sulfate [P, nt-ms]",0.5629284239345049
"O-sulfo-L-tyrosine [P, nt-ms]",0.2536279530625169
"octadecanedioate [P, nt-ms]",0.824241379832079
"octanoylcarnitine [P, nt-ms]",0.6577208335291939
"oleamide [P, nt-ms]",0.23477552635103396
"oleoyl ethanolamide [P, nt-ms]",0.6999610039721306
"oleoylcarnitine [P, nt-ms]",0.35945556921677135
"ornithine [P, nt-ms]",0.1859179847278375
"orotate [P, nt-ms]",0.22996392280758476
"orotidine [P, nt-ms]",0.23478101348938593
"oxalate (ethanedioate) [P, nt-ms]",0.18840900540313213
"p-cresol sulfate [P, nt-ms]",0.4644189512615318
"p-cresol-glucuronide [P, nt-ms]",1.3985566239303868
"palmitic amide [P, nt-ms]",0.25435020258078156
"palmitoyl ethanolamide [P, nt-ms]",0.47600299011014163
"palmitoylcarnitine [P, nt-ms]",0.425167404332538
"palmitoylcholine [P, nt-ms]",0.8364396976081467
"pantothenate [P, nt-ms]",0.2765932890218094
"paraxanthine [P, nt-ms]",1.6565516422550277
"phenol sulfate [P, nt-ms]",1.6167644762407825
"phenylacetylcarnitine [P, nt-ms]",0.6748733601373997
"phenylacetylglutamate [P, nt-ms]",0.5057262714883078
"phenylacetylglutamine [P, nt-ms]",0.34691642163747566
"phenylalanine [P, nt-ms]",0.16450944526171798
"phenylalanylalanine [P, nt-ms]",0.2878801681670633
"phenylalanylglycine [P, nt-ms]",0.401781634902568
"phenyllactate (PLA) [P, nt-ms]",0.28084833496110356
"phenylpyruvate [P, nt-ms]",0.3487903627132873
"phosphate [P, nt-ms]",0.1975549282901534
"phosphoethanolamine [P, nt-ms]",0.24990252486099487
"phytanate [P, nt-ms]",0.8988856291375495
"pipecolate [P, nt-ms]",0.1801986065493306
"piperine [P, nt-ms]",2.398830830013182
"pregn steroid monosulfate [P, nt-ms]",0.2776573599644056
"pregnanediol-3-glucuronide [P, nt-ms]",0.43909599536415683
"pregnanolone/allopregnanolone sulfate [P, nt-ms]",0.6123747090501773
"pregnen-diol disulfate [P, nt-ms]",0.3205170945257638
"pregnenolone sulfate [P, nt-ms]",0.3839301446432699
"pristanate [P, nt-ms]",0.7001270694360822
"pro-hydroxy-pro [P, nt-ms]",0.3526233425883568
"proline [P, nt-ms]",0.23331152859010656
"prolylglycine [P, nt-ms]",0.3719902724385151
"propionylcarnitine [P, nt-ms]",0.36188809830409935
"propionylglycine [P, nt-ms]",0.37070227555271285
"propyl 4-hydroxybenzoate sulfate [P, nt-ms]",8.891147486342495
"pseudouridine [P, nt-ms]",0.1275003515264101
"pyridoxate [P, nt-ms]",0.47340501847999195
"pyroglutamine [P, nt-ms]",0.4129536234142253
"pyrraline [P, nt-ms]",0.5151673487091726
"pyruvate [P, nt-ms]",0.2599875631681575
"quinate [P, nt-ms]",2.438457118816688
"quinolinate [P, nt-ms]",0.3567152925838442
"retinol (Vitamin A) [P, nt-ms]",0.26366207011450227
"ribitol [P, nt-ms]",0.15507792815463653
"riboflavin (Vitamin B2) [P, nt-ms]",1.0688475915282918
"ribonate [P, nt-ms]",0.28114445676219024
"S-1-pyrroline-5-carboxylate [P, nt-ms]",0.34181260137558334
"S-adenosylhomocysteine (SAH) [P, nt-ms]",0.20566163468129406
"S-allylcysteine [P, nt-ms]",1.620889398932597
"S-methylcysteine [P, nt-ms]",0.4817636092025312
"S-methylmethionine [P, nt-ms]",0.8692976444664821
"sarcosine (N-methylglycine) [P, nt-ms]",0.16562111306700172
"sebacate (decanedioate) [P, nt-ms]",2.976867158418509
"serine [P, nt-ms]",0.1990711706875981
"serotonin [P, nt-ms]",0.5525963328929452
"solanidine [P, nt-ms]",1.053054482585257
"spermidine [P, nt-ms]",0.40401642860166764
"sphinganine [P, nt-ms]",0.22053555597163127
"sphinganine-1-phosphate [P, nt-ms]",0.31375582015954223
"sphingosine [P, nt-ms]",0.256656671806754
"sphingosine 1-phosphate [P, nt-ms]",0.17132656730054527
"stachydrine [P, nt-ms]",0.7331234954703268
"stearoylcarnitine [P, nt-ms]",0.2802644554834302
"suberate (octanedioate) [P, nt-ms]",0.9278504501834977
"suberoyl carnitine [P, nt-ms]",2.0055204544283267
"succinate [P, nt-ms]",0.583469240926623
"succinylcarnitine [P, nt-ms]",0.2964719034992686
"sucrose [P, nt-ms]",0.7777182608872185
"sulfate [P, nt-ms]",0.1348814414641243
"tartarate [P, nt-ms]",0.19455786320669782
"tartronate (hydroxymalonate) [P, nt-ms]",0.3392457076762195
"taurine [P, nt-ms]",0.14637645502823277
"tauro-beta-muricholate [P, nt-ms]",1.3990081973053348
"taurochenodeoxycholate [P, nt-ms]",2.9571149185451873
"taurocholate [P, nt-ms]",2.934520778345344
"taurocholenate sulfate [P, nt-ms]",0.5827195157814532
"taurodeoxycholate [P, nt-ms]",3.0414292789654027
"taurolithocholate [P, nt-ms]",1.0487851021677328
"taurolithocholate 3-sulfate [P, nt-ms]",1.099046835923018
"tauroursodeoxycholate [P, nt-ms]",2.252621488426505
"tetradecanedioate [P, nt-ms]",2.890656439420205
"theobromine [P, nt-ms]",0.5316453518172634
"theophylline [P, nt-ms]",2.0428396127762407
"threonate [P, nt-ms]",0.23543885044396934
"threonine [P, nt-ms]",0.22413862914131746
"thymine [P, nt-ms]",0.47567706229169837
"thymol sulfate [P, nt-ms]",4.6152500424051315
"thyroxine [P, nt-ms]",0.1734385564457654
"tigloylglycine [P, nt-ms]",0.4142732680424476
"tiglylcarnitine [P, nt-ms]",0.3383756770275542
"trans-4-hydroxyproline [P, nt-ms]",0.35564466169156644
"trans-urocanate [P, nt-ms]",0.5281816080556344
"trigonelline (N'-methylnicotinate) [P, nt-ms]",1.0955784911496418
"trimethylamine N-oxide [P, nt-ms]",0.9211195721170249
"tryptophan [P, nt-ms]",0.20791217800349335
"tryptophan betaine [P, nt-ms]",1.2284298522146873
"tyramine O-sulfate [P, nt-ms]",0.657944577911603
"tyrosine [P, nt-ms]",0.17605322925745684
"umbelliferone sulfate [P, nt-ms]",0.72385787808336
"urate [P, nt-ms]",0.12813722861591767
"urea [P, nt-ms]",0.23587352532130568
"uridine [P, nt-ms]",0.29655532176476535
"ursodeoxycholate [P, nt-ms]",1.4119079355344046
"valine [P, nt-ms]",0.23606246138922352
"vanillic alcohol sulfate [P, nt-ms]",1.2494779911528562
"vanillylmandelate (VMA) [P, nt-ms]",0.28647488883861383
"xanthine [P, nt-ms]",0.3716104846452013
"xanthosine [P, nt-ms]",0.7204551734036323
"xanthurenate [P, nt-ms]",0.6526510730627179
"xylose [P, nt-ms]",0.4724011211425748
"arginine [P, t-ms]",14.933625110626302
"C0 (carnitine) [P, t-ms]",7.493951631516683
"C10 (decanoylcarnitine) [P, t-ms]",0.0994044930882102
"C10:1 (decenoylcarnitine) [P, t-ms]",0.05231129764501268
"C12 (dodecanoylcarnitine) [P, t-ms]",0.03339139484489982
"C12:1 (dodecenoylcarnitine) [P, t-ms]",0.04297769722763573
"C14 (tetradecanoylcarnitine) [P, t-ms]",0.0104123986437149
"C14:1 (tetradecenoylcarnitine) [P, t-ms]",0.04555537503294693
"C14:1-OH (hydroxytetradecenoylcarnitine) [P, t-ms]",0.004437221354579147
"C14:2 (tetradecadienylcarnitine) [P, t-ms]",0.016963283812971422
"C16 (hexadecanoylcarnitine) [P, t-ms]",0.029423820175504916
"C16-OH (hydroxyhexadecanoylcarnitine) [P, t-ms]",0.0018997918477343544
"C16:1-OH (hexadecenoylcarnitine) [P, t-ms]",0.00233401185942107
"C16:2 (hexadecadienylcarnitine) [P, t-ms]",0.0038132808993713357
"C16:2-OH (hydroxyhexadecadienylcarnitine) [P, t-ms]",0.002521167705589456
"C18 (octadecanoylcarnitine) [P, t-ms]",0.0100875932250316
"C18:1 (octadecenoylcarnitine) [P, t-ms]",0.035470104315939055
"C18:2 (octadecadienylcarnitine) [P, t-ms]",0.015063226449325904
"C2 (acetylcarnitine) [P, t-ms]",3.3814463577830476
"C3 (propionylcarnitine) [P, t-ms]",0.14094963773843822
"C4 (butyrylcarnitine) [P, t-ms]",0.053375529102512365
"C4:1-DC (fumarylcarnitine) and C6 (hexanoylcarnitine) [P, t-ms]",0.015505340125112406
"C5 (valerylcarnitine) [P, t-ms]",0.04084537127894862
"C5:1-DC (glutaconylcarnitine) [P, t-ms]",0.003571464960881999
"C5:1( tiglylcarnitine) [P, t-ms]",0.008796483915461098
"C6-OH (glutarylcarnitine) and C5-DC (hydroxyhexanoylcarnitine) [P, t-ms]",0.011487595384640698
"C7-DC (pimelylcarnitine) [P, t-ms]",0.016332663323318404
"C8 (octanoylcarnitine) [P, t-ms]",0.052423254847432064
"C8:1 (octenoylcarnitine) [P, t-ms]",0.06903459454301192
"glutamine [P, t-ms]",93.00768868340276
"glycine [P, t-ms]",48.77219522457221
"H1 (hexose) [P, t-ms]",1124.083398432744
"histidine [P, t-ms]",12.18647884615842
"leucine or isoleucine [P, t-ms]",68.50229329151331
"lysoPC a C14:0 [P, t-ms]",0.45933923069967486
"lysoPC a C16:0 [P, t-ms]",13.073144359073394
"lysoPC a C16:1 [P, t-ms]",0.7286186153100314
"lysoPC a C17:0 [P, t-ms]",0.34799799758784444
"lysoPC a C18:0 [P, t-ms]",3.9142710552485824
"lysoPC a C18:2 [P, t-ms]",8.902498049661556
"lysoPC a C20:3 [P, t-ms]",0.7034636107231043
"lysoPC a C20:4 [P, t-ms]",1.615971108342911
"methionine [P, t-ms]",6.6787017810005675
"ornithine [P, t-ms]",10.337930869738038
"PC aa C28:1 [P, t-ms]",0.7384847538183487
"PC aa C30:0 [P, t-ms]",1.2051481999084304
"PC aa C32:0 [P, t-ms]",2.7206901855704397
"PC aa C32:1 [P, t-ms]",6.658698895319729
"PC aa C32:2 [P, t-ms]",1.219326505795711
"PC aa C32:3 [P, t-ms]",0.09265206178366231
"PC aa C34:1 [P, t-ms]",43.14787442258845
"PC aa C34:2 [P, t-ms]",46.26304198350527
"PC aa C34:3 [P, t-ms]",4.264013348093711
"PC aa C34:4 [P, t-ms]",0.636588046432128
"PC aa C36:0 [P, t-ms]",0.7580816798322815
"PC aa C36:1 [P, t-ms]",9.130116459705619
"PC aa C36:2 [P, t-ms]",28.165056916799422
"PC aa C36:3 [P, t-ms]",25.485312468180318
"PC aa C36:4 [P, t-ms]",43.64700818841321
"PC aa C36:5 [P, t-ms]",8.2291774853325
"PC aa C36:6 [P, t-ms]",0.3320843650065389
"PC aa C38:0 [P, t-ms]",0.8796701286526205
"PC aa C38:3 [P, t-ms]",9.687830570231435
"PC aa C38:4 [P, t-ms]",21.728740904492135
"PC aa C38:5 [P, t-ms]",12.37638710813205
"PC aa C38:6 [P, t-ms]",22.810838981611344
"PC aa C40:1 [P, t-ms]",0.12650414005328203
"PC aa C40:2 [P, t-ms]",0.11423835546253774
"PC aa C40:3 [P, t-ms]",0.18328846618569677
"PC aa C40:4 [P, t-ms]",0.7393675015752187
"PC aa C40:5 [P, t-ms]",2.4682640440157275
"PC aa C40:6 [P, t-ms]",7.268860118985683
"PC aa C42:0 [P, t-ms]",0.1952751599151704
"PC aa C42:1 [P, t-ms]",0.09538664816995515
"PC aa C42:2 [P, t-ms]",0.06413593001087498
"PC aa C42:4 [P, t-ms]",0.04329572208479255
"PC aa C42:5 [P, t-ms]",0.08995557097235284
"PC aa C42:6 [P, t-ms]",0.1298909086649823
"PC ae C30:0 [P, t-ms]",0.14874167880692984
"PC ae C32:1 [P, t-ms]",0.5334069470078461
"PC ae C32:2 [P, t-ms]",0.14949649938835813
"PC ae C34:0 [P, t-ms]",0.3779514223505168
"PC ae C34:1 [P, t-ms]",2.0268195437483567
"PC ae C34:2 [P, t-ms]",2.124811529126225
"PC ae C34:3 [P, t-ms]",1.8038983208337394
"PC ae C36:1 [P, t-ms]",1.6894703277714271
"PC ae C36:2 [P, t-ms]",2.1072488378259187
"PC ae C36:3 [P, t-ms]",1.7337607040738259
"PC ae C36:4 [P, t-ms]",4.258741614239928
"PC ae C36:5 [P, t-ms]",3.06439072614375
"PC ae C38:0 [P, t-ms]",0.6053552029681631
"PC ae C38:2 [P, t-ms]",0.42433330876793607
"PC ae C38:3 [P, t-ms]",0.8451808937464541
"PC ae C38:4 [P, t-ms]",3.0567804783374384
"PC ae C38:5 [P, t-ms]",3.695657211774678
"PC ae C38:6 [P, t-ms]",1.8585736590277049
"PC ae C40:1 [P, t-ms]",0.33686328916193187
"PC ae C40:2 [P, t-ms]",0.45354831104462995
"PC ae C40:3 [P, t-ms]",0.2357317069413844
"PC ae C40:4 [P, t-ms]",0.49079992249743537
"PC ae C40:5 [P, t-ms]",0.6181660017069481
"PC ae C40:6 [P, t-ms]",1.1179062436470437
"PC ae C42:0 [P, t-ms]",0.15158408251900138
"PC ae C42:1 [P, t-ms]",0.11217957657675835
"PC ae C42:2 [P, t-ms]",0.14237520740775947
"PC ae C42:3 [P, t-ms]",0.1903673911652178
"PC ae C42:4 [P, t-ms]",0.2275981320897036
"PC ae C42:5 [P, t-ms]",0.48628635576647794
"PC ae C44:3 [P, t-ms]",0.04204392711100552
"PC ae C44:4 [P, t-ms]",0.11644655331353425
"PC ae C44:5 [P, t-ms]",0.4450682152370244
"PC ae C44:6 [P, t-ms]",0.3778155240556405
"phenylalanine [P, t-ms]",9.765663002818032
"proline [P, t-ms]",46.62585829162915
"serine [P, t-ms]",18.58385661342145
"SM (OH) C14:1 [P, t-ms]",1.0944093337712728
"SM (OH) C16:1 [P, t-ms]",0.6582693832705213
"SM (OH) C22:1 [P, t-ms]",2.699974460201282
"SM (OH) C22:2 [P, t-ms]",1.7921704718859748
"SM (OH) C24:1 [P, t-ms]",0.3743147272094433
"SM C16:0 [P, t-ms]",15.605852907125593
"SM C16:1 [P, t-ms]",2.092581838712643
"SM C18:0 [P, t-ms]",4.676644214283479
"SM C18:1 [P, t-ms]",1.9628011138407018
"SM C20:2 [P, t-ms]",0.09594014995835168
"SM C24:0 [P, t-ms]",4.674160887116178
"SM C24:1 [P, t-ms]",10.557781328765401
"SM C26:1 [P, t-ms]",0.13045517694706174
"threonine [P, t-ms]",31.829140960239478
"tryptophan [P, t-ms]",11.434358319713377
"tyrosine [P, t-ms]",15.393709770214457
"valine [P, t-ms]",64.32021185158503
"Glucose [P, chem.]",22.598641510150983
"Insulin [P, chem.]",21.46222978597989
"Lactate [P, chem.]",10.979029474422518
"NEFA [P, chem.]",0.4319735108707011
